{"blocks": [{"bloc_str": "One to One functions Cunique ) L Sing B > L ", "left_top_v": {"y": 0.1488095238095238, "x": 0.04133597883597884}, "right_bot_v": {"y": 0.2465277777777778, "x": 0.5069444444444444}, "paragraphs": [{"left_top_v": {"y": 0.1488095238095238, "x": 0.04133597883597884}, "right_bot_v": {"y": 0.2465277777777778, "x": 0.5069444444444444}, "para_str": "One to One functions Cunique ) L Sing B > L "}]}, {"bloc_str": "- Singel One so many functions ( sujective ? ) < img 832 ", "left_top_v": {"y": 0.3715277777777778, "x": 0.07374338624338625}, "right_bot_v": {"y": 0.5213293650793651, "x": 0.6643518518518519}, "paragraphs": [{"left_top_v": {"y": 0.3715277777777778, "x": 0.07506613756613757}, "right_bot_v": {"y": 0.4600694444444444, "x": 0.6597222222222222}, "para_str": "- Singel One so many functions ( sujective ? ) "}, {"left_top_v": {"y": 0.4818948412698413, "x": 0.44047619047619047}, "right_bot_v": {"y": 0.5223214285714286, "x": 0.5886243386243386}, "para_str": "< img 832 "}]}, {"bloc_str": "img E32 ", "left_top_v": {"y": 0.6096230158730159, "x": 0.8326719576719577}, "right_bot_v": {"y": 0.6403769841269841, "x": 0.9275793650793651}, "paragraphs": [{"left_top_v": {"y": 0.6096230158730159, "x": 0.8326719576719577}, "right_bot_v": {"y": 0.6403769841269841, "x": 0.9275793650793651}, "para_str": "img E32 "}]}], "size": {"width": 3024, "height": 4032}}